"Поле 1","Поле 2","Поле 3","Поле 4","Поле 5","Поле 6","Поле 7","Поле 8","Поле 9","Поле 10"
"Поле 11","Поле 12","Поле 13","Поле 14","Поле 15","Поле 16","Поле 17","Поле 18","Поле 19","Поле 20"
"Поле 21","Поле 22","Поле 23","Поле 24","Поле 25","Поле 26","Поле 27","Поле 28","Поле 29","Поле 30"
"Поле 31","Поле 32","Поле 33","Поле 34","Поле 35","Поле 36","Поле 37","Поле 38","Поле 39","Поле 40"
"Поле 41","Поле 42","Поле 43","Поле 44","Поле 45","Поле 46","Поле 47","Поле 48","Поле 49","Поле 50"
"Поле 51","Поле 52","Поле 53","Поле 54","Поле 55","Поле 56","Поле 57","Поле 58","Поле 59","Поле 60"
"Поле 61","Поле 62","Поле 63","Поле 64","Поле 65","Поле 66","Поле 67","Поле 68","Поле 69","Поле 70"
"Поле 71","Поле 72","Поле 73","Поле 74","Поле 75","Поле 76","Поле 77","Поле 78","Поле 79","Поле 80"
"Поле 81","Поле 82","Поле 83","Поле 84","Поле 85","Поле 86","Поле 87","Поле 88","Поле 89","Поле 90"
"Поле 91","Поле 92","Поле 93","Поле 94","Поле 95","Поле 96","Поле 97","Поле 98","Поле 99","Поле 100"
"Поле 101","Поле 102","Поле 103","Поле 104","Поле 105","Поле 106","Поле 107","Поле 108","Поле 109","Поле 110"

